UserID;BookID;Rating;Timestamp
8;2;5;978212494
11676;2;8;978212495
2954;3;8;978212496
11676;6;9;978212497
29526;6;9;978212498
11676;8;8;978212499
1131;1488;8;978216599
1131;1489;7;978216600
4570;1489;7;978216601
16634;1489;8;978216602
22936;1489;10;978216603
1131;1490;6;978216604
1733;1490;5;978216605
10829;1490;8;978216606
11676;1490;7;978216607
16996;1490;7;978216608
1131;1491;7;978216609
9123;1491;7;978216610
21620;1491;10;978216611
8245;1492;7;978216612
11676;1492;7;978216613
16795;1492;6;978216614
17906;1492;7;978216615
22038;1492;10;978216616
2337;1494;8;978216617
5582;1494;10;978216618
15459;1494;7;978216619
15602;1494;7;978216620
26553;1494;6;978216621
929;1495;6;978216622
2379;1495;8;978216623
8362;1495;9;978216624
10153;1495;10;978216625
11676;1495;7;978216626
11944;1495;6;978216627
12775;1495;9;978216628
17906;1495;6;978216629
20060;1495;8;978216630
28096;1495;7;978216631
1131;1496;8;978216632
21618;1496;9;978216633
1131;1497;7;978216634
1433;1497;3;978216635
1718;1497;8;978216636
4183;1497;6;978216637
6563;1497;9;978216638
7125;1497;8;978216639
7283;1497;8;978216640
7820;1497;8;978216641
8066;1497;8;978216642
8454;1497;8;978216643
10314;1497;9;978216644
10560;1497;8;978216645
11400;1497;8;978216646
11676;1497;8;978216647
13552;1497;10;978216648
14422;1497;9;978216649
15602;1497;10;978216650
16718;1497;10;978216651
16795;1497;9;978216652
17761;1497;7;978216653
21264;1497;6;978216654
21840;1497;9;978216655
22338;1497;8;978216656
22614;1497;7;978216657
23768;1497;7;978216658
23933;1497;7;978216659
24558;1497;8;978216660
24932;1497;10;978216661
25103;1497;6;978216662
25409;1497;10;978216663
26621;1497;7;978216664
28647;1497;9;978216665
28897;1497;8;978216666
1131;1499;8;978216667
1131;1500;7;978216668
22464;1500;8;978216669
28448;1500;7;978216670
2977;1501;3;978216671
6073;1501;8;978216672
8681;1501;8;978216673
2559;1502;4;978216674
7268;1502;5;978216675
11676;1502;8;978216676
14302;1502;10;978216677
22338;1502;7;978216678
22495;1502;6;978216679
1131;1504;6;978216680
27169;1504;8;978216681
1131;1505;7;978216682
3917;1505;7;978216683
18679;1505;9;978216684
21364;1505;10;978216685
23902;1505;9;978216686
1131;1506;6;978216687
1249;1506;8;978216688
26231;1506;7;978216689
27891;1506;7;978216690
1131;1507;7;978216691
9876;1507;7;978216692
11676;1507;4;978216693
21618;1507;10;978216694
22562;1507;8;978216695
1131;1508;7;978216696
10447;1508;6;978216697
11676;1508;7;978216698
15475;1508;7;978216699
17190;1508;10;978216700
28177;1508;10;978216701
8245;1509;7;978216702
21026;1509;7;978216703
23902;1509;8;978216704
1131;1510;5;978216705
15957;1510;9;978216706
23902;1510;7;978216707
26487;1510;4;978216708
8066;1511;8;978216709
11676;1511;5;978216710
1131;1512;8;978216711
1548;1512;8;978216712
5294;1512;4;978216713
6242;1512;8;978216714
6575;1512;7;978216715
8066;1512;9;978216716
9141;1512;9;978216717
10269;1512;10;978216718
11676;1512;7;978216719
12417;1512;8;978216720
12676;1512;10;978216721
15418;1512;10;978216722
18502;1512;7;978216723
20180;1512;8;978216724
27329;1512;10;978216725
4017;1513;10;978216726
1131;1514;7;978216727
5539;1515;10;978216728
8253;1515;8;978216729
8681;1515;10;978216730
11676;1515;7;978216731
22975;1515;10;978216732
23872;1515;10;978216733
2077;1516;5;978216734
25981;1517;5;978216735
3977;1518;9;978216736
4196;1518;9;978216737
6789;1518;10;978216738
10314;1518;6;978216739
10447;1518;9;978216740
13280;1518;8;978216741
19664;1518;8;978216742
19689;1518;7;978216743
21014;1518;8;978216744
21252;1518;7;978216745
26535;1518;5;978216746
28177;1518;7;978216747
28292;1518;10;978216748
1131;1519;7;978216749
2288;1519;8;978216750
3371;1519;10;978216751
4386;1519;8;978216752
11676;1519;7;978216753
16488;1519;8;978216754
16795;1519;9;978216755
20180;1519;9;978216756
21014;1519;8;978216757
21031;1519;10;978216758
21356;1519;6;978216759
22107;1519;10;978216760
23871;1519;10;978216761
1131;1520;9;978216762
19233;1520;7;978216763
1131;1521;7;978216764
5295;1521;7;978216765
20119;1521;8;978216766
1131;1522;8;978216767
11676;1522;5;978216768
6689;1524;10;978216769
19961;1525;8;978216770
1133;1526;8;978216771
1435;1526;10;978216772
4591;1526;7;978216773
14527;1526;8;978216774
24226;1526;8;978216775
26910;1526;10;978216776
6543;1527;6;978216777
11676;1527;10;978216778
11676;1528;6;978216779
11676;1530;9;978216780
1137;1531;7;978216781
4426;1532;8;978216782
8454;1532;8;978216783
11676;1532;5;978216784
12154;1532;8;978216785
16110;1532;9;978216786
18250;1532;8;978216787
20392;1532;5;978216788
29915;1532;6;978216789
1150;1533;10;978216790
2776;1533;7;978216791
27372;1533;8;978216792
1155;1534;8;978216793
1155;1535;9;978216794
6532;1535;8;978216795
1155;1536;8;978216796
1155;1537;8;978216797
1155;1538;8;978216798
3363;1538;9;978216799
4221;1538;8;978216800
25409;1538;9;978216801
27813;1538;6;978216802
1155;1539;10;978216803
5582;1539;8;978216804
12567;1539;6;978216805
1155;1540;5;978216806
1155;1541;7;978216807
1155;1542;7;978216808
8245;1542;8;978216809
1155;1543;7;978216810
26834;1543;10;978216811
1155;1544;6;978216812
2354;1544;7;978216813
3363;1544;10;978216814
9637;1544;5;978216815
28156;1544;6;978216816
16908;1545;8;978216817
16908;1546;5;978216818
21684;1546;8;978216819
1155;1548;7;978216820
1161;1552;5;978216821
4438;1552;8;978216822
9504;1552;10;978216823
25373;1552;8;978216824
1161;1553;10;978216825
1161;1554;5;978216826
1674;1554;10;978216827
2357;1554;8;978216828
2977;1554;3;978216829
3362;1554;7;978216830
6251;1554;4;978216831
6575;1554;7;978216832
9174;1554;7;978216833
11179;1554;8;978216834
15602;1554;8;978216835
16634;1554;3;978216836
16949;1554;9;978216837
17893;1554;4;978216838
20350;1554;9;978216839
20462;1554;8;978216840
21418;1554;8;978216841
22177;1554;7;978216842
24846;1554;7;978216843
26509;1554;7;978216844
28269;1554;8;978216845
28763;1554;10;978216846
1161;1555;10;978216847
1161;1557;6;978216848
1164;1558;10;978216849
1166;1559;9;978216850
8890;1559;7;978216851
11676;1560;10;978216852
8454;1561;7;978216853
11657;1561;3;978216854
24194;1561;9;978216855
27472;1561;7;978216856
6073;1562;9;978216857
1167;1563;5;978216858
8067;1563;10;978216859
11676;1563;9;978216860
25409;1563;7;978216861
26473;1563;7;978216862
28647;1563;6;978216863
1167;1564;7;978216864
11676;1564;8;978216865
6543;1565;8;978216866
8253;1565;8;978216867
11043;1565;8;978216868
20054;1565;8;978216869
20106;1565;5;978216870
20180;1565;8;978216871
1167;1567;9;978216872
3371;1567;7;978216873
7226;1567;5;978216874
12982;1567;8;978216875
16795;1567;8;978216876
24186;1567;9;978216877
1167;1568;5;978216878
11676;1568;3;978216879
14698;1568;7;978216880
18172;1568;9;978216881
1167;1569;5;978216882
1167;1570;7;978216883
25253;1570;8;978216884
25711;1570;4;978216885
16777;1572;10;978216886
16795;1572;8;978216887
17725;1572;9;978216888
22818;1572;10;978216889
23188;1572;4;978216890
23699;1572;10;978216891
23872;1572;10;978216892
25123;1572;10;978216893
25981;1572;5;978216894
2766;1573;9;978216895
18082;1573;9;978216896
28016;1573;10;978216897
2766;1574;8;978216898
6543;1574;7;978216899
19605;1574;8;978216900
20462;1574;6;978216901
25436;1574;8;978216902
25844;1574;8;978216903
1167;1575;10;978216904
15957;1575;10;978216905
11676;1576;5;978216906
4221;1578;6;978216907
14392;1578;9;978216908
1169;1580;6;978216909
6242;1580;7;978216910
1172;1581;10;978216911
1174;1582;4;978216912
1178;1584;10;978216913
11676;1585;5;978216914
1178;1586;2;978216915
7346;1586;9;978216916
11676;1586;8;978216917
15834;1586;8;978216918
16545;1586;8;978216919
16795;1586;9;978216920
21252;1586;7;978216921
27091;1586;6;978216922
29648;1586;9;978216923
1178;1587;9;978216924
1178;1588;10;978216925
1180;1589;10;978216926
1184;1590;7;978216927
1184;1591;7;978216928
1184;1593;7;978216929
6323;1593;7;978216930
11676;1593;8;978216931
19617;1593;9;978216932
29848;1593;6;978216933
11676;1596;7;978216934
16795;1596;8;978216935
18429;1596;9;978216936
20060;1596;7;978216937
23221;1596;9;978216938
26406;1596;10;978216939
11676;1597;6;978216940
29205;1597;9;978216941
2276;1598;10;978216942
11676;1598;7;978216943
20149;1598;8;978216944
1184;1599;3;978216945
2276;1599;10;978216946
18332;1599;9;978216947
8234;1601;8;978216948
11676;1601;6;978216949
14744;1601;8;978216950
1192;1605;5;978216951
1192;1606;7;978216952
28451;1610;8;978216953
1200;1611;9;978216954
9341;1612;8;978216955
1210;1613;9;978216956
1297;1613;7;978216957
6251;1613;7;978216958
6575;1613;7;978216959
8454;1613;10;978216960
11453;1613;8;978216961
11676;1613;5;978216962
15812;1613;8;978216963
19107;1613;10;978216964
20034;1613;8;978216965
21011;1613;8;978216966
21462;1613;8;978216967
23689;1613;8;978216968
1211;1614;6;978216969
1211;1616;8;978216970
1211;1617;9;978216971
1211;1618;9;978216972
1211;1619;8;978216973
1211;1620;7;978216974
1211;1621;8;978216975
1211;1622;7;978216976
15589;1622;8;978216977
26443;1622;8;978216978
1211;1625;7;978216979
1211;1626;8;978216980
1211;1628;10;978216981
1211;1629;8;978216982
11676;1629;8;978216983
14638;1629;5;978216984
1211;1630;9;978216985
1211;1631;10;978216986
1211;1632;8;978216987
1211;1633;7;978216988
18309;1633;10;978216989
1211;1639;8;978216990
17054;1639;8;978216991
1214;1641;8;978216992
6251;1641;10;978216993
25919;1641;10;978216994
27091;1641;8;978216995
1214;1642;8;978216996
11676;1642;6;978216997
1219;1643;7;978216998
1219;1644;6;978216999
1223;1645;3;978217000
6563;1645;5;978217001
8059;1645;6;978217002
11676;1645;10;978217003
27539;1645;5;978217004
11676;1650;8;978217005
16795;1652;9;978217006
1234;1653;9;978217007
11624;1653;6;978217008
23127;1653;8;978217009
1235;1654;9;978217010
11676;1655;7;978217011
1242;1656;7;978217012
11676;1656;7;978217013
1248;1657;10;978217014
26756;1657;10;978217015
1248;1658;9;978217016
1248;1659;10;978217017
1248;1660;10;978217018
1248;1661;10;978217019
5209;1661;9;978217020
11676;1661;8;978217021
13331;1661;5;978217022
26240;1661;6;978217023
1248;1662;10;978217024
1248;1663;9;978217025
1248;1664;10;978217026
1248;1665;10;978217027
1248;1666;10;978217028
1248;1667;10;978217029
1248;1668;9;978217030
1248;1669;9;978217031
1248;1670;10;978217032
1248;1671;6;978217033
1248;1672;10;978217034
6575;1672;8;978217035
1248;1673;10;978217036
1248;1674;10;978217037
1674;1674;5;978217038
2891;1674;9;978217039
11676;1674;10;978217040
13259;1674;7;978217041
27237;1674;8;978217042
29149;1674;9;978217043
1248;1675;9;978217044
1248;1676;10;978217045
11247;1676;8;978217046
1248;1677;10;978217047
1248;1678;9;978217048
1249;1680;8;978217049
11676;1680;10;978217050
1249;1681;5;978217051
1768;1681;10;978217052
1933;1681;8;978217053
3371;1681;9;978217054
3894;1681;10;978217055
5037;1681;6;978217056
6073;1681;6;978217057
6074;1681;8;978217058
6563;1681;9;978217059
6789;1681;3;978217060
7915;1681;7;978217061
8961;1681;9;978217062
11676;1681;7;978217063
16246;1681;9;978217064
16795;1681;9;978217065
17859;1681;9;978217066
18067;1681;4;978217067
18082;1681;8;978217068
19378;1681;7;978217069
20106;1681;9;978217070
21659;1681;8;978217071
21903;1681;7;978217072
22473;1681;8;978217073
22780;1681;9;978217074
23712;1681;8;978217075
27518;1681;8;978217076
1250;1682;8;978217077
11676;1682;8;978217078
1252;1683;8;978217079
10447;1683;8;978217080
25150;1683;7;978217081
1254;1685;10;978217082
1660;1685;7;978217083
7286;1685;7;978217084
8734;1685;8;978217085
11724;1685;10;978217086
13850;1685;6;978217087
15049;1685;8;978217088
20410;1685;10;978217089
21364;1685;1;978217090
29259;1685;10;978217091
11676;1686;8;978217092
16009;1686;5;978217093
23749;1686;9;978217094
1254;1687;7;978217095
1254;1691;10;978217096
8734;1691;7;978217097
11676;1691;10;978217098
13850;1691;6;978217099
15049;1691;8;978217100
29259;1691;10;978217101
1258;1693;4;978217102
1259;1695;7;978217103
2030;1695;10;978217104
11676;1695;9;978217105
23874;1695;7;978217106
1261;1696;8;978217107
11676;1696;8;978217108
11708;1696;8;978217109
13273;1696;8;978217110
14422;1696;7;978217111
23933;1696;8;978217112
27875;1696;8;978217113
1261;1697;6;978217114
11676;1697;6;978217115
15808;1697;8;978217116
16795;1697;9;978217117
1261;1698;7;978217118
1262;1699;10;978217119
1262;1700;10;978217120
1263;1701;9;978217121
1264;1703;8;978217122
4017;1703;10;978217123
6242;1703;8;978217124
7283;1703;10;978217125
9203;1703;8;978217126
11676;1703;9;978217127
12154;1703;7;978217128
13093;1703;9;978217129
13387;1703;6;978217130
14768;1703;7;978217131
16106;1703;9;978217132
16795;1703;5;978217133
21014;1703;4;978217134
21404;1703;9;978217135
23966;1703;8;978217136
26611;1703;4;978217137
27317;1703;7;978217138
28177;1703;6;978217139
1266;1704;10;978217140
3954;1704;5;978217141
6689;1704;8;978217142
21124;1704;9;978217143
1267;1705;5;978217144
7134;1705;10;978217145
14768;1705;6;978217146
6543;1707;6;978217147
11120;1707;8;978217148
1279;1708;5;978217149
3917;1708;8;978217150
6543;1708;10;978217151
1279;1709;10;978217152
1281;1711;7;978217153
8066;1711;8;978217154
8245;1711;7;978217155
11594;1711;9;978217156
11832;1711;8;978217157
1293;1712;10;978217158
26756;1712;10;978217159
1294;1713;8;978217160
9908;1714;9;978217161
28612;1714;7;978217162
1294;1715;7;978217163
5040;1715;6;978217164
7346;1715;7;978217165
11676;1715;6;978217166
17389;1715;6;978217167
26134;1715;8;978217168
1294;1716;8;978217169
21083;1716;7;978217170
1296;1717;10;978217171
1297;1718;10;978217172
1297;1722;8;978217173
3923;1722;7;978217174
11676;1722;10;978217175
12282;1722;5;978217176
1297;1723;7;978217177
2033;1723;9;978217178
3346;1723;10;978217179
14456;1723;10;978217180
20201;1723;5;978217181
6347;1726;5;978217182
6450;1726;10;978217183
6575;1728;9;978217184
11629;1728;10;978217185
21660;1728;7;978217186
23547;1728;8;978217187
1309;1730;7;978217188
4197;1730;5;978217189
12784;1730;7;978217190
15510;1730;8;978217191
20106;1730;7;978217192
24052;1730;8;978217193
1314;1731;1;978217194
10765;1732;8;978217195
18082;1733;4;978217196
1324;1734;5;978217197
1330;1735;10;978217198
11349;1735;10;978217199
22720;1735;10;978217200
1331;1737;9;978217201
1331;1739;9;978217202
1331;1740;5;978217203
11676;1743;8;978217204
2679;1749;7;978217205
5790;1749;6;978217206
1344;1751;8;978217207
6741;1754;6;978217208
28989;1754;6;978217209
1348;1755;8;978217210
1348;1756;7;978217211
1355;1757;9;978217212
1359;1758;7;978217213
4365;1758;10;978217214
7286;1758;10;978217215
16634;1758;8;978217216
18155;1758;8;978217217
21187;1758;8;978217218
24194;1758;8;978217219
28694;1758;8;978217220
1360;1759;7;978217221
1361;1760;10;978217222
1368;1761;7;978217223
24995;1761;8;978217224
1368;1762;7;978217225
6662;1762;8;978217226
9613;1762;3;978217227
10560;1762;10;978217228
1368;1763;7;978217229
7864;1764;7;978217230
1368;1765;5;978217231
6611;1765;10;978217232
9177;1765;7;978217233
10560;1765;9;978217234
29270;1765;6;978217235
1369;1766;7;978217236
1372;1767;9;978217237
11676;1768;5;978217238
15444;1771;7;978217239
1372;1773;10;978217240
1375;1774;5;978217241
1376;1775;9;978217242
7346;1775;8;978217243
11676;1775;3;978217244
16666;1775;10;978217245
19085;1775;7;978217246
19303;1775;5;978217247
20895;1775;1;978217248
22617;1775;8;978217249
1376;1776;7;978217250
1377;1777;8;978217251
2099;1777;8;978217252
6115;1777;10;978217253
8245;1777;8;978217254
9856;1777;7;978217255
11224;1777;7;978217256
13552;1777;9;978217257
13968;1777;7;978217258
15651;1777;10;978217259
16711;1777;10;978217260
18440;1777;8;978217261
20060;1777;9;978217262
882;1778;10;978217263
1389;1778;9;978217264
1830;1778;7;978217265
2108;1778;9;978217266
2569;1778;8;978217267
8681;1778;7;978217268
8935;1778;8;978217269
10314;1778;8;978217270
11676;1778;7;978217271
16263;1778;5;978217272
16504;1778;8;978217273
21404;1778;8;978217274
22200;1778;10;978217275
24515;1778;10;978217276
29000;1778;8;978217277
11676;1779;8;978217278
18247;1779;6;978217279
1396;1780;10;978217280
4157;1780;8;978217281
7576;1780;9;978217282
11676;1780;7;978217283
1399;1781;9;978217284
1399;1783;10;978217285
1399;1784;9;978217286
2152;1784;7;978217287
6115;1784;9;978217288
6575;1784;9;978217289
1403;1785;8;978217290
28687;1785;7;978217291
1409;1786;8;978217292
1409;1787;8;978217293
11676;1787;6;978217294
1409;1788;8;978217295
8323;1788;5;978217296
11676;1788;8;978217297
13552;1788;8;978217298
17167;1788;8;978217299
19493;1788;10;978217300
25981;1788;5;978217301
1409;1789;6;978217302
7125;1789;6;978217303
1409;1790;5;978217304
2110;1790;8;978217305
24314;1790;7;978217306
26620;1790;5;978217307
1412;1791;6;978217308
27472;1791;8;978217309
28319;1791;8;978217310
1412;1792;9;978217311
6575;1792;8;978217312
8245;1792;8;978217313
8255;1792;10;978217314
20060;1792;10;978217315
28139;1792;4;978217316
29526;1792;10;978217317
1412;1793;9;978217318
6242;1793;7;978217319
11676;1793;8;978217320
1412;1794;9;978217321
4017;1794;10;978217322
5163;1794;5;978217323
7841;1794;9;978217324
20813;1794;9;978217325
20963;1794;6;978217326
22695;1794;10;978217327
23642;1794;6;978217328
24221;1794;10;978217329
26411;1794;7;978217330
28735;1794;9;978217331
29508;1794;9;978217332
1412;1795;9;978217333
11676;1795;9;978217334
24433;1795;8;978217335
25804;1795;8;978217336
29775;1795;9;978217337
1412;1797;7;978217338
29071;1797;5;978217339
1412;1798;7;978217340
1417;1800;7;978217341
11676;1800;10;978217342
1424;1801;7;978217343
8245;1801;8;978217344
27232;1801;9;978217345
2276;1803;10;978217346
3709;1803;7;978217347
4066;1803;7;978217348
7346;1803;8;978217349
8309;1803;8;978217350
9083;1803;4;978217351
9227;1803;9;978217352
11245;1803;7;978217353
11676;1803;8;978217354
13133;1803;8;978217355
15655;1803;10;978217356
17159;1803;9;978217357
18733;1803;7;978217358
22074;1803;7;978217359
24960;1803;5;978217360
25981;1803;5;978217361
28144;1803;5;978217362
1424;1804;6;978217363
1424;1805;8;978217364
11676;1805;8;978217365
23902;1805;8;978217366
24597;1806;9;978217367
6574;1811;8;978217368
29209;1811;8;978217369
16634;1812;5;978217370
1424;1813;7;978217371
11676;1813;7;978217372
14422;1813;8;978217373
28919;1813;9;978217374
3363;1814;10;978217375
9139;1814;10;978217376
11676;1814;5;978217377
16777;1814;10;978217378
1424;1816;6;978217379
11676;1816;9;978217380
1424;1817;7;978217381
19711;1818;6;978217382
882;1819;10;978217383
14422;1819;9;978217384
20060;1819;10;978217385
20149;1819;7;978217386
22074;1819;7;978217387
29209;1819;5;978217388
29615;1819;8;978217389
5903;1820;9;978217390
8066;1820;4;978217391
18701;1820;7;978217392
19664;1820;9;978217393
22503;1820;7;978217394
1424;1821;6;978217395
11676;1822;10;978217396
16155;1822;7;978217397
20680;1822;7;978217398
21014;1822;7;978217399
24590;1822;5;978217400
1424;1823;7;978217401
1424;1825;7;978217402
1424;1826;7;978217403
1427;1828;10;978217404
2295;1828;6;978217405
2414;1828;7;978217406
5091;1828;8;978217407
8874;1828;5;978217408
11676;1828;10;978217409
16795;1828;8;978217410
26883;1828;9;978217411
27839;1828;10;978217412
28222;1828;9;978217413
1434;1829;10;978217414
4622;1829;10;978217415
6336;1829;6;978217416
7509;1829;8;978217417
11584;1829;10;978217418
11676;1829;10;978217419
16746;1829;9;978217420
18176;1829;5;978217421
21014;1829;7;978217422
1435;1830;4;978217423
8454;1830;9;978217424
25109;1830;8;978217425
1435;1833;10;978217426
1435;1834;7;978217427
11676;1837;8;978217428
12982;1837;7;978217429
28634;1837;8;978217430
1435;1839;10;978217431
1435;1840;6;978217432
11676;1841;9;978217433
25403;1842;10;978217434
1435;1844;7;978217435
1435;1845;10;978217436
6251;1845;10;978217437
8971;1845;9;978217438
11676;1845;7;978217439
1435;1846;8;978217440
1435;1847;6;978217441
21011;1849;8;978217442
25601;1849;9;978217443
25981;1849;5;978217444
1435;1850;9;978217445
11676;1850;8;978217446
1435;1851;9;978217447
1435;1853;4;978217448
3719;1854;7;978217449
4938;1854;8;978217450
14455;1854;8;978217451
16795;1854;9;978217452
24052;1854;5;978217453
25410;1854;8;978217454
3331;1855;10;978217455
3373;1855;3;978217456
11676;1855;8;978217457
16517;1855;6;978217458
28634;1855;8;978217459
10681;1859;8;978217460
10257;1860;9;978217461
11224;1860;5;978217462
11676;1860;8;978217463
13552;1860;9;978217464
17859;1860;10;978217465
19233;1860;4;978217466
20562;1860;6;978217467
20680;1860;7;978217468
21659;1860;8;978217469
25537;1860;6;978217470
26517;1860;8;978217471
4107;1861;5;978217472
7283;1861;8;978217473
7346;1861;9;978217474
7620;1861;9;978217475
12698;1861;7;978217476
14422;1861;8;978217477
25981;1861;5;978217478
2276;1862;9;978217479
5476;1862;5;978217480
11676;1862;5;978217481
15834;1862;8;978217482
18203;1862;8;978217483
28634;1862;10;978217484
11503;1863;6;978217485
11676;1863;10;978217486
15144;1863;3;978217487
20971;1863;8;978217488
27485;1863;10;978217489
3099;1864;7;978217490
6074;1864;8;978217491
6543;1864;9;978217492
9178;1864;8;978217493
9417;1864;7;978217494
9492;1864;10;978217495
11609;1864;8;978217496
11676;1864;10;978217497
16795;1864;9;978217498
17229;1864;8;978217499
18401;1864;10;978217500
20445;1864;6;978217501
27399;1864;7;978217502
27472;1864;8;978217503
28899;1864;9;978217504
29209;1864;5;978217505
1436;1866;7;978217506
1436;1869;9;978217507
11676;1869;2;978217508
15043;1869;8;978217509
1439;1870;8;978217510
13280;1870;8;978217511
13935;1870;5;978217512
1442;1871;10;978217513
26443;1871;9;978217514
1448;1872;6;978217515
28647;1872;5;978217516
1455;1873;8;978217517
4785;1873;8;978217518
1461;1874;10;978217519
22739;1874;10;978217520
1466;1875;4;978217521
1466;1877;8;978217522
1467;1880;7;978217523
11080;1880;10;978217524
1467;1881;7;978217525
1467;1882;7;978217526
1467;1884;7;978217527
11676;1884;6;978217528
1467;1885;5;978217529
13733;1886;8;978217530
14449;1886;8;978217531
24028;1886;2;978217532
25722;1886;6;978217533
1473;1887;10;978217534
1475;1888;8;978217535
1484;1890;5;978217536
1485;1891;8;978217537
6251;1891;10;978217538
1485;1893;8;978217539
6251;1893;9;978217540
1485;1894;6;978217541
1485;1896;10;978217542
5770;1906;5;978217543
11676;1906;7;978217544
1485;1907;9;978217545
1489;1909;8;978217546
4938;1909;7;978217547
11844;1909;8;978217548
12589;1909;10;978217549
14201;1909;7;978217550
15795;1909;9;978217551
16246;1909;9;978217552
16795;1909;5;978217553
18596;1909;4;978217554
21404;1909;7;978217555
26579;1909;9;978217556
28224;1909;8;978217557
29178;1909;3;978217558
1491;1910;7;978217559
1499;1911;9;978217560
1499;1912;5;978217561
1499;1913;6;978217562
1500;1914;7;978217563
26713;1915;8;978217564
1511;1916;7;978217565
2977;1916;9;978217566
16991;1916;4;978217567
1517;1917;4;978217568
1517;1918;6;978217569
11676;1919;8;978217570
13164;1919;8;978217571
6575;1920;6;978217572
7312;1920;6;978217573
24105;1920;8;978217574
26621;1920;7;978217575
24105;1921;9;978217576
1535;1922;7;978217577
882;1923;10;978217578
1535;1923;10;978217579
3739;1923;5;978217580
4017;1923;10;978217581
4144;1923;5;978217582
4732;1923;9;978217583
6242;1923;8;978217584
6251;1923;8;978217585
6392;1923;10;978217586
6575;1923;7;978217587
6577;1923;9;978217588
7119;1923;9;978217589
8253;1923;10;978217590
8290;1923;10;978217591
11676;1923;10;978217592
12100;1923;7;978217593
14454;1923;7;978217594
16634;1923;8;978217595
17667;1923;8;978217596
18311;1923;8;978217597
20022;1923;4;978217598
21014;1923;7;978217599
22532;1923;9;978217600
22625;1923;10;978217601
24090;1923;7;978217602
27472;1923;8;978217603
1539;1924;10;978217604
13850;1924;9;978217605
14456;1924;10;978217606
16795;1924;8;978217607
5728;1927;8;978217608
6532;1927;7;978217609
12619;1927;8;978217610
23816;1927;8;978217611
27472;1929;7;978217612
1548;1932;8;978217613
8245;1932;8;978217614
11676;1932;7;978217615
12316;1932;9;978217616
23847;1932;9;978217617
28177;1932;9;978217618
1548;1933;8;978217619
1548;1934;7;978217620
6251;1934;9;978217621
11601;1934;10;978217622
22267;1934;9;978217623
2977;1935;6;978217624
1548;1936;1;978217625
1548;1938;7;978217626
1548;1939;6;978217627
11676;1939;9;978217628
8681;1940;8;978217629
1548;1941;7;978217630
23518;1941;5;978217631
1548;1942;8;978217632
1548;1943;7;978217633
11676;1944;5;978217634
1548;1946;8;978217635
11676;1946;8;978217636
12784;1946;10;978217637
16637;1946;5;978217638
19664;1946;9;978217639
21014;1946;8;978217640
22625;1946;9;978217641
26518;1946;8;978217642
26544;1946;9;978217643
28709;1946;9;978217644
1548;1948;5;978217645
3167;1948;7;978217646
4622;1948;4;978217647
11676;1948;10;978217648
11788;1948;9;978217649
16062;1948;8;978217650
18203;1948;8;978217651
19969;1948;3;978217652
29570;1948;8;978217653
1548;1951;9;978217654
1548;1952;9;978217655
27961;1952;7;978217656
1550;1953;9;978217657
9329;1953;8;978217658
25684;1953;6;978217659
1554;1954;9;978217660
2766;1954;7;978217661
7286;1954;10;978217662
24835;1954;10;978217663
1554;1955;10;978217664
1556;1957;5;978217665
1558;1959;10;978217666
1558;1960;7;978217667
6575;1960;8;978217668
27647;1960;8;978217669
1558;1961;10;978217670
1558;1962;10;978217671
6251;1962;3;978217672
6398;1962;4;978217673
11676;1962;6;978217674
25410;1962;7;978217675
25966;1962;8;978217676
1558;1963;10;978217677
11676;1963;1;978217678
1558;1964;9;978217679
10716;1964;7;978217680
12362;1964;2;978217681
13324;1964;7;978217682
21575;1964;4;978217683
23578;1964;8;978217684
24391;1964;6;978217685
26782;1964;5;978217686
11676;1965;8;978217687
26231;1969;5;978217688
11676;1970;8;978217689
21576;1970;8;978217690
25740;1970;10;978217691
28661;1970;5;978217692
1570;1971;10;978217693
10447;1971;5;978217694
19664;1971;5;978217695
29133;1971;5;978217696
1582;1973;10;978217697
1583;1974;5;978217698
1585;1975;5;978217699
1585;1976;7;978217700
2148;1976;8;978217701
11676;1976;9;978217702
12154;1976;7;978217703
16795;1976;8;978217704
17859;1976;10;978217705
22828;1976;7;978217706
1585;1977;6;978217707
1585;1978;5;978217708
1585;1979;4;978217709
1585;1980;4;978217710
1585;1981;7;978217711
1585;1982;7;978217712
11231;1982;8;978217713
16795;1982;7;978217714
24627;1982;7;978217715
28204;1982;5;978217716
1585;1983;6;978217717
3145;1983;8;978217718
11676;1983;8;978217719
18444;1983;6;978217720
1585;1984;6;978217721
6543;1984;8;978217722
6764;1984;9;978217723
11676;1984;8;978217724
19842;1984;7;978217725
26161;1984;9;978217726
1585;1985;7;978217727
19725;1985;8;978217728
1585;1986;8;978217729
1608;1986;10;978217730
2591;1986;9;978217731
3507;1986;8;978217732
5903;1986;9;978217733
8253;1986;10;978217734
8370;1986;9;978217735
8734;1986;9;978217736
10447;1986;9;978217737
11676;1986;10;978217738
13664;1986;7;978217739
16634;1986;8;978217740
21370;1986;9;978217741
21937;1986;9;978217742
27947;1986;8;978217743
1585;1987;4;978217744
11676;1987;3;978217745
12489;1987;7;978217746
17950;1987;5;978217747
19268;1987;7;978217748
23768;1987;6;978217749
25981;1987;10;978217750
1585;1988;5;978217751
25981;1988;5;978217752
1585;1989;7;978217753
7913;1989;6;978217754
11245;1989;6;978217755
13666;1989;8;978217756
22074;1989;10;978217757
23193;1989;4;978217758
25409;1989;8;978217759
25601;1989;6;978217760
1585;1990;6;978217761
1586;1991;7;978217762
9094;1991;10;978217763
11676;1992;5;978217764
1589;1993;5;978217765
6772;1993;6;978217766
20126;1993;8;978217767
1591;1994;10;978217768
10776;1994;8;978217769
11690;1994;7;978217770
11676;1995;10;978217771
21031;1996;8;978217772
1596;1997;5;978217773
11676;1997;5;978217774
11676;1999;8;978217775
24767;1999;9;978217776
1596;2000;6;978217777
8680;2000;8;978217778
11676;2000;9;978217779
20629;2000;7;978217780
1597;2001;5;978217781
1597;2002;7;978217782
2977;2002;7;978217783
6178;2002;8;978217784
6251;2002;8;978217785
8253;2002;10;978217786
8454;2002;6;978217787
8872;2002;5;978217788
11676;2002;10;978217789
15051;2002;7;978217790
16013;2002;7;978217791
16795;2002;9;978217792
16818;2002;8;978217793
18067;2002;6;978217794
19493;2002;10;978217795
20064;2002;7;978217796
20418;2002;7;978217797
21014;2002;8;978217798
21145;2002;7;978217799
27684;2002;10;978217800
28709;2002;8;978217801
29526;2002;10;978217802
1597;2003;7;978217803
22310;2003;8;978217804
638;2004;9;978217805
1597;2004;4;978217806
5385;2004;10;978217807
13375;2004;7;978217808
17440;2007;5;978217809
1608;2009;5;978217810
1608;2010;8;978217811
3167;2010;7;978217812
7346;2010;8;978217813
12951;2010;8;978217814
1608;2011;8;978217815
4938;2011;8;978217816
23364;2011;6;978217817
26535;2011;5;978217818
28204;2011;8;978217819
1608;2012;8;978217820
11676;2012;3;978217821
11724;2012;8;978217822
28204;2012;8;978217823
8188;2014;6;978217824
11676;2014;10;978217825
15945;2014;7;978217826
1615;2015;10;978217827
1616;2016;9;978217828
1617;2017;7;978217829
8734;2017;10;978217830
29209;2019;7;978217831
1633;2020;7;978217832
1639;2021;9;978217833
1641;2022;7;978217834
7079;2022;10;978217835
7994;2022;8;978217836
9154;2022;7;978217837
11155;2022;6;978217838
11676;2022;10;978217839
12209;2022;10;978217840
17007;2022;10;978217841
18366;2022;9;978217842
22078;2022;6;978217843
25131;2022;9;978217844
25369;2022;10;978217845
1652;2024;7;978217846
11944;2024;6;978217847
16492;2024;7;978217848
23180;2024;2;978217849
1652;2025;5;978217850
11676;2025;8;978217851
1652;2027;7;978217852
12100;2027;7;978217853
15408;2027;8;978217854
1653;2028;7;978217855
1654;2029;8;978217856
1660;2030;6;978217857
2288;2031;10;978217858
4551;2031;8;978217859
4938;2031;9;978217860
9856;2031;7;978217861
13552;2031;10;978217862
16795;2031;8;978217863
25545;2031;8;978217864
25981;2031;10;978217865
29763;2031;7;978217866
1660;2032;3;978217867
11676;2032;6;978217868
1660;2033;6;978217869
6323;2033;5;978217870
1435;2034;4;978217871
6884;2034;8;978217872
7983;2034;8;978217873
19085;2034;9;978217874
26540;2034;7;978217875
28177;2034;8;978217876
28634;2034;10;978217877
1660;2035;7;978217878
12982;2035;8;978217879
18702;2035;10;978217880
1660;2036;6;978217881
11676;2036;8;978217882
23870;2036;5;978217883
11676;2037;8;978217884
28594;2037;8;978217885
13082;2038;10;978217886
2152;2039;7;978217887
10314;2039;6;978217888
11676;2039;8;978217889
15602;2039;7;978217890
23297;2039;10;978217891
25966;2039;7;978217892
7352;2040;9;978217893
11676;2040;9;978217894
12233;2040;7;978217895
15498;2040;7;978217896
24427;2040;8;978217897
24980;2040;8;978217898
2103;2042;10;978217899
1674;2044;7;978217900
12428;2044;7;978217901
15145;2044;8;978217902
29012;2044;8;978217903
1674;2045;1;978217904
22657;2045;4;978217905
1674;2050;10;978217906
1674;2051;1;978217907
1674;2052;10;978217908
1674;2053;10;978217909
3827;2053;10;978217910
10602;2053;9;978217911
1674;2054;10;978217912
1674;2055;10;978217913
10560;2055;8;978217914
1674;2056;10;978217915
3827;2056;10;978217916
1674;2057;10;978217917
2891;2057;8;978217918
2945;2057;8;978217919
6543;2057;10;978217920
8066;2057;8;978217921
10560;2057;9;978217922
11676;2057;9;978217923
14049;2057;9;978217924
14201;2057;8;978217925
23768;2057;8;978217926
1674;2060;7;978217927
1674;2061;6;978217928
26823;2061;8;978217929
23902;2064;7;978217930
11676;2065;9;978217931
18439;2065;10;978217932
10560;2068;6;978217933
11676;2068;4;978217934
13448;2068;5;978217935
17726;2068;8;978217936
26548;2068;6;978217937
24949;2069;7;978217938
1674;2070;9;978217939
6242;2070;5;978217940
10447;2070;4;978217941
24090;2072;9;978217942
11676;2074;8;978217943
1674;2076;10;978217944
8680;2076;5;978217945
1674;2078;10;978217946
5531;2078;7;978217947
12097;2079;8;978217948
24933;2079;10;978217949
7962;2080;10;978217950
11676;2080;8;978217951
21356;2080;5;978217952
1674;2081;5;978217953
10447;2083;9;978217954
28177;2083;6;978217955
1683;2084;7;978217956
1684;2085;8;978217957
1688;2090;5;978217958
2453;2090;10;978217959
11676;2090;8;978217960
16916;2090;10;978217961
27813;2090;8;978217962
1688;2091;5;978217963
20879;2091;10;978217964
1688;2092;6;978217965
1688;2093;9;978217966
1688;2094;6;978217967
5582;2094;10;978217968
11676;2094;8;978217969
1696;2098;8;978217970
12982;2098;8;978217971
6543;2100;7;978217972
8930;2100;8;978217973
11676;2100;8;978217974
6251;2101;8;978217975
6543;2101;7;978217976
8930;2101;8;978217977
11676;2101;8;978217978
26517;2101;9;978217979
28700;2101;10;978217980
29209;2101;6;978217981
7346;2102;8;978217982
8930;2102;8;978217983
10447;2102;9;978217984
11676;2102;8;978217985
20115;2102;10;978217986
26517;2102;9;978217987
28700;2102;10;978217988
1706;2104;7;978217989
254;2105;9;978217990
1706;2105;10;978217991
2179;2105;8;978217992
2198;2105;10;978217993
2799;2105;10;978217994
9908;2105;6;978217995
15408;2105;9;978217996
16795;2105;8;978217997
23872;2105;7;978217998
1706;2106;8;978217999
11676;2106;7;978218000
1706;2107;5;978218001
6251;2107;8;978218002
11657;2107;4;978218003
24194;2107;8;978218004
1706;2108;9;978218005
1706;2109;4;978218006
1706;2110;8;978218007
1719;2111;7;978218008
27891;2111;3;978218009
1719;2112;5;978218010
4017;2112;9;978218011
1719;2113;3;978218012
26516;2113;9;978218013
1719;2114;7;978218014
1721;2115;9;978218015
11676;2115;9;978218016
12982;2115;8;978218017
1723;2116;5;978218018
1725;2119;7;978218019
2515;2119;7;978218020
1725;2120;9;978218021
1725;2121;10;978218022
14958;2121;7;978218023
2337;2123;9;978218024
8681;2123;7;978218025
13582;2123;10;978218026
16634;2123;10;978218027
17725;2123;9;978218028
19440;2123;8;978218029
22625;2123;10;978218030
28096;2123;9;978218031
1725;2124;10;978218032
11676;2124;8;978218033
15150;2124;7;978218034
25853;2125;6;978218035
15421;2127;5;978218036
5582;2128;10;978218037
7346;2128;7;978218038
7915;2128;10;978218039
8187;2128;8;978218040
9574;2128;7;978218041
11676;2128;7;978218042
17802;2128;9;978218043
23547;2128;8;978218044
27740;2128;7;978218045
1730;2129;8;978218046
5903;2129;8;978218047
8454;2129;8;978218048
16718;2129;10;978218049
20409;2129;10;978218050
23576;2129;6;978218051
27317;2129;8;978218052
28360;2129;5;978218053
1733;2131;9;978218054
1733;2132;9;978218055
1733;2133;6;978218056
13552;2133;8;978218057
26535;2133;5;978218058
1733;2135;8;978218059
1733;2136;1;978218060
25976;2137;8;978218061
1733;2139;6;978218062
1733;2140;8;978218063
1733;2142;7;978218064
1733;2143;10;978218065
1733;2144;10;978218066
2110;2144;10;978218067
3418;2144;10;978218068
5207;2144;8;978218069
6563;2144;8;978218070
7072;2144;7;978218071
7482;2144;8;978218072
7809;2144;8;978218073
9490;2144;10;978218074
9637;2144;5;978218075
9747;2144;10;978218076
9908;2144;10;978218077
10560;2144;10;978218078
10697;2144;10;978218079
11676;2144;10;978218080
11916;2144;7;978218081
16019;2144;9;978218082
20119;2144;10;978218083
21484;2144;9;978218084
21870;2144;9;978218085
22625;2144;10;978218086
22688;2144;7;978218087
22818;2144;10;978218088
22936;2144;10;978218089
23181;2144;10;978218090
23664;2144;10;978218091
23848;2144;10;978218092
24215;2144;9;978218093
25919;2144;8;978218094
26084;2144;9;978218095
26190;2144;9;978218096
27812;2144;8;978218097
28594;2144;9;978218098
29677;2144;10;978218099
1733;2145;7;978218100
1733;2146;7;978218101
21268;2148;8;978218102
1733;2151;10;978218103
1733;2154;7;978218104
26240;2154;6;978218105
1733;2156;6;978218106
1733;2158;8;978218107
1733;2159;6;978218108
1733;2160;5;978218109
1733;2161;5;978218110
21014;2161;9;978218111
28619;2161;10;978218112
1733;2162;6;978218113
1733;2163;6;978218114
1733;2164;5;978218115
26535;2164;5;978218116
1733;2165;6;978218117
1745;2170;8;978218118
2738;2177;4;978218119
1762;2178;6;978218120
16267;2178;8;978218121
1775;2180;8;978218122
2312;2180;8;978218123
7841;2180;10;978218124
11676;2180;10;978218125
1782;2182;9;978218126
1790;2183;8;978218127
1790;2184;4;978218128
1790;2185;8;978218129
19491;2185;4;978218130
1790;2186;6;978218131
24183;2186;9;978218132
1791;2187;7;978218133
2485;2187;5;978218134
1791;2188;8;978218135
1791;2189;8;978218136
24186;2189;8;978218137
1792;2190;7;978218138
28204;2191;9;978218139
1797;2193;8;978218140
1799;2196;9;978218141
1802;2197;7;978218142
1805;2198;7;978218143
15185;2198;8;978218144
1805;2199;8;978218145
1805;2200;6;978218146
1805;2201;7;978218147
10560;2201;7;978218148
1805;2202;8;978218149
1805;2203;7;978218150
5163;2203;5;978218151
13273;2203;9;978218152
14355;2203;10;978218153
16130;2203;9;978218154
1805;2204;7;978218155
11676;2204;8;978218156
19573;2204;6;978218157
27265;2204;9;978218158
28795;2204;8;978218159
1807;2206;3;978218160
638;2209;10;978218161
5287;2209;6;978218162
14768;2209;8;978218163
28693;2209;10;978218164
1812;2211;8;978218165
1812;2212;6;978218166
1812;2213;7;978218167
8245;2213;8;978218168
16795;2213;7;978218169
1812;2215;8;978218170
26774;2215;5;978218171
1813;2219;4;978218172
1830;2220;6;978218173
17003;2220;8;978218174
19233;2220;9;978218175
21274;2220;9;978218176
23020;2220;10;978218177
1835;2221;6;978218178
1838;2222;8;978218179
1838;2224;9;978218180
14422;2226;8;978218181
1838;2227;9;978218182
4980;2227;7;978218183
26371;2227;6;978218184
1841;2228;5;978218185
3373;2228;8;978218186
5741;2228;7;978218187
11676;2228;5;978218188
1844;2229;8;978218189
1846;2230;10;978218190
8890;2230;10;978218191
1848;2231;10;978218192
6543;2231;8;978218193
7286;2231;10;978218194
7557;2231;8;978218195
13380;2231;5;978218196
13850;2231;10;978218197
15583;2231;10;978218198
16795;2231;8;978218199
19336;2231;10;978218200
19549;2231;8;978218201
19760;2231;10;978218202
21356;2231;7;978218203
21484;2231;8;978218204
21576;2231;8;978218205
22521;2231;10;978218206
22624;2231;8;978218207
23799;2231;10;978218208
23872;2231;9;978218209
28975;2231;5;978218210
29209;2231;9;978218211
29394;2231;8;978218212
1848;2233;8;978218213
1903;2233;10;978218214
3167;2233;10;978218215
5151;2233;10;978218216
5783;2233;8;978218217
6532;2233;9;978218218
8955;2233;9;978218219
11676;2233;9;978218220
15479;2233;10;978218221
20834;2233;5;978218222
25966;2233;7;978218223
28177;2233;10;978218224
13896;2235;5;978218225
27598;2235;7;978218226
16634;2237;7;978218227
1848;2239;9;978218228
9226;2239;9;978218229
20180;2239;9;978218230
24697;2239;5;978218231
1848;2241;10;978218232
1848;2242;8;978218233
6345;2242;9;978218234
6893;2242;6;978218235
7887;2242;10;978218236
9974;2242;9;978218237
11676;2242;7;978218238
12091;2242;8;978218239
27091;2242;7;978218240
3543;2243;10;978218241
3817;2243;8;978218242
11245;2243;8;978218243
15081;2243;7;978218244
20971;2243;5;978218245
1848;2244;9;978218246
11629;2244;4;978218247
16036;2244;8;978218248
4334;2245;7;978218249
12982;2245;8;978218250
13518;2245;7;978218251
16795;2245;8;978218252
27821;2245;3;978218253
1848;2246;5;978218254
5385;2247;3;978218255
8687;2247;8;978218256
12330;2247;7;978218257
16798;2247;8;978218258
21964;2247;7;978218259
23872;2247;9;978218260
12646;2248;8;978218261
27647;2248;7;978218262
1848;2249;10;978218263
11718;2249;8;978218264
1848;2250;6;978218265
1848;2253;8;978218266
1848;2254;10;978218267
1848;2255;10;978218268
1848;2256;10;978218269
1848;2257;10;978218270
11676;2257;8;978218271
12972;2257;10;978218272
14116;2257;8;978218273
14173;2257;5;978218274
23872;2257;10;978218275
24153;2257;7;978218276
28667;2257;2;978218277
1848;2258;7;978218278
1848;2259;10;978218279
1848;2260;10;978218280
1848;2261;10;978218281
1848;2262;10;978218282
1848;2263;10;978218283
1848;2266;10;978218284
1848;2267;9;978218285
20172;2267;10;978218286
26916;2268;9;978218287
27728;2268;8;978218288
11676;2269;9;978218289
1850;2270;7;978218290
1923;2271;8;978218291
2012;2271;10;978218292
7346;2271;7;978218293
11676;2271;7;978218294
12828;2271;10;978218295
23902;2271;6;978218296
1859;2275;8;978218297
7050;2275;8;978218298
1863;2277;7;978218299
1863;2278;8;978218300
1869;2281;8;978218301
11245;2281;8;978218302
11676;2281;7;978218303
22722;2281;7;978218304
23624;2281;8;978218305
1869;2282;10;978218306
1878;2284;7;978218307
1881;2285;4;978218308
1881;2286;9;978218309
1888;2287;8;978218310
4017;2287;9;978218311
1891;2288;5;978218312
1891;2289;7;978218313
11676;2290;6;978218314
1898;2291;8;978218315
3206;2291;8;978218316
4973;2291;8;978218317
6251;2291;7;978218318
6563;2291;10;978218319
6575;2291;6;978218320
10118;2291;10;978218321
11676;2291;9;978218322
12209;2291;10;978218323
13552;2291;10;978218324
13850;2291;10;978218325
17950;2291;8;978218326
19493;2291;10;978218327
19711;2291;9;978218328
21576;2291;8;978218329
22625;2291;10;978218330
23571;2291;10;978218331
25456;2291;10;978218332
26057;2291;10;978218333
28177;2291;9;978218334
28257;2291;10;978218335
28619;2291;5;978218336
1898;2292;9;978218337
10819;2292;6;978218338
1898;2293;8;978218339
11676;2293;8;978218340
12392;2293;3;978218341
17003;2293;5;978218342
17328;2293;10;978218343
1898;2294;8;978218344
25409;2294;8;978218345
24733;2295;8;978218346
1900;2296;7;978218347
3373;2297;5;978218348
12489;2297;6;978218349
15589;2297;7;978218350
15845;2297;9;978218351
16781;2297;9;978218352
16795;2297;9;978218353
23768;2297;8;978218354
1901;2299;4;978218355
1901;2300;6;978218356
11676;2306;9;978218357
21576;2306;10;978218358
26583;2306;10;978218359
28222;2306;7;978218360
638;2309;9;978218361
7994;2309;7;978218362
8454;2309;8;978218363
11676;2309;10;978218364
15408;2309;9;978218365
9246;2310;8;978218366
11676;2310;9;978218367
26030;2310;9;978218368
1903;2312;3;978218369
1903;2313;6;978218370
5328;2314;8;978218371
6242;2314;8;978218372
6575;2314;9;978218373
11676;2314;8;978218374
28177;2314;6;978218375
1903;2316;10;978218376
1903;2317;10;978218377
1903;2318;10;978218378
1903;2319;10;978218379
1903;2320;8;978218380
16161;2321;8;978218381
1903;2323;8;978218382
1903;2324;10;978218383
1903;2325;10;978218384
1903;2326;10;978218385
1903;2330;1;978218386
1903;2333;9;978218387
15408;2334;5;978218388
1903;2341;10;978218389
1905;2343;5;978218390
6543;2343;8;978218391
25850;2343;10;978218392
1915;2344;7;978218393
7918;2344;10;978218394
1918;2345;8;978218395
9188;2346;5;978218396
1923;2347;8;978218397
4571;2348;8;978218398
7346;2348;7;978218399
19664;2348;9;978218400
24778;2348;8;978218401
29070;2348;8;978218402
1923;2350;8;978218403
11676;2352;5;978218404
15021;2352;1;978218405
25129;2352;10;978218406
29779;2352;7;978218407
3145;2353;9;978218408
8067;2353;10;978218409
11676;2353;4;978218410
18567;2353;7;978218411
23547;2353;10;978218412
26713;2353;9;978218413
26883;2353;8;978218414
1928;2355;8;978218415
5704;2356;7;978218416
8529;2356;9;978218417
11676;2356;9;978218418
13582;2356;8;978218419
20034;2356;7;978218420
16699;2361;10;978218421
17950;2361;5;978218422
1928;2368;5;978218423
1928;2369;5;978218424
15506;2370;9;978218425
11676;2371;8;978218426
13935;2371;10;978218427
1928;2373;9;978218428
26593;2373;9;978218429
9856;2374;5;978218430
16795;2374;5;978218431
28634;2374;8;978218432
1937;2375;7;978218433
1945;2377;10;978218434
1947;2378;9;978218435
23902;2378;10;978218436
1949;2380;8;978218437
2255;2380;7;978218438
3371;2380;8;978218439
8089;2380;8;978218440
17859;2380;10;978218441
19429;2380;9;978218442
22936;2380;7;978218443
26611;2380;7;978218444
8187;2381;8;978218445
8870;2381;7;978218446
9343;2381;6;978218447
10124;2381;8;978218448
11676;2381;6;978218449
12348;2381;6;978218450
12707;2381;10;978218451
14812;2381;8;978218452
22775;2381;5;978218453
25536;2381;7;978218454
28539;2381;9;978218455
1951;2382;7;978218456
1961;2384;8;978218457
7371;2385;6;978218458
12982;2385;9;978218459
13552;2385;8;978218460
16397;2386;6;978218461
19244;2386;5;978218462
26813;2386;8;978218463
29117;2386;7;978218464
1966;2387;7;978218465
1971;2389;7;978218466
1978;2390;10;978218467
22074;2390;9;978218468
1989;2392;9;978218469
4938;2392;8;978218470
24433;2392;8;978218471
1990;2393;7;978218472
11676;2393;8;978218473
1990;2394;9;978218474
1990;2395;5;978218475
1995;2396;5;978218476
1996;2397;7;978218477
11676;2397;7;978218478
26221;2397;7;978218479
2009;2399;7;978218480
2009;2403;7;978218481
2009;2404;8;978218482
2009;2405;9;978218483
2009;2406;9;978218484
2009;2407;8;978218485
2010;2408;8;978218486
2010;2409;5;978218487
6772;2409;6;978218488
17453;2409;5;978218489
2010;2410;4;978218490
11676;2411;10;978218491
27740;2411;8;978218492
2010;2412;7;978218493
2010;2413;8;978218494
2010;2414;5;978218495
22094;2415;8;978218496
22094;2416;9;978218497
22094;2417;8;978218498
25919;2418;9;978218499
27222;2418;8;978218500
27740;2418;8;978218501
8988;2420;7;978218502
25981;2420;5;978218503
26891;2420;7;978218504
2010;2421;9;978218505
2010;2422;2;978218506
2010;2423;5;978218507
21031;2423;9;978218508
29170;2423;8;978218509
17724;2425;8;978218510
2010;2426;8;978218511
11676;2426;8;978218512
14461;2426;9;978218513
2010;2427;6;978218514
2010;2428;10;978218515
2385;2428;6;978218516
6575;2428;7;978218517
11676;2428;10;978218518
12272;2428;10;978218519
20729;2428;9;978218520
23582;2428;8;978218521
23881;2428;7;978218522
25930;2428;8;978218523
26488;2428;5;978218524
10660;2430;9;978218525
1424;2431;8;978218526
8284;2431;7;978218527
9177;2431;8;978218528
11676;2431;6;978218529
14744;2431;9;978218530
16319;2431;9;978218531
16736;2431;10;978218532
16805;2431;10;978218533
20180;2431;8;978218534
20664;2431;5;978218535
25394;2431;9;978218536
25890;2431;8;978218537
28417;2431;7;978218538
2012;2433;8;978218539
11676;2434;8;978218540
16795;2434;8;978218541
20804;2434;8;978218542
13935;2435;10;978218543
11676;2436;7;978218544
12982;2436;9;978218545
15418;2436;6;978218546
2012;2438;8;978218547
7864;2438;5;978218548
11676;2438;7;978218549
16010;2438;7;978218550
17859;2438;10;978218551
19429;2438;8;978218552
2012;2439;9;978218553
25601;2439;7;978218554
11676;2440;6;978218555
2012;2441;6;978218556
13600;2441;8;978218557
2012;2442;10;978218558
2766;2442;7;978218559
6575;2442;7;978218560
8018;2442;9;978218561
9747;2442;10;978218562
12331;2442;6;978218563
12690;2442;10;978218564
17761;2442;9;978218565
21875;2442;7;978218566
22074;2442;6;978218567
23902;2442;7;978218568
25019;2442;8;978218569
27472;2442;5;978218570
2012;2443;8;978218571
4179;2443;7;978218572
9856;2443;6;978218573
11788;2443;6;978218574
14180;2443;7;978218575
14744;2443;9;978218576
16246;2443;6;978218577
16504;2443;6;978218578
16538;2443;9;978218579
16919;2443;6;978218580
21246;2443;9;978218581
29539;2443;8;978218582
2012;2444;5;978218583
11676;2444;10;978218584
12100;2444;7;978218585
21576;2444;7;978218586
27277;2444;10;978218587
2018;2445;5;978218588
2766;2445;6;978218589
4017;2445;7;978218590
6537;2445;4;978218591
16599;2445;6;978218592
17950;2445;7;978218593
21031;2445;7;978218594
24009;2445;10;978218595
25245;2445;7;978218596
25395;2445;9;978218597
2019;2446;5;978218598
4579;2446;5;978218599
5037;2446;9;978218600
6073;2446;5;978218601
7860;2446;8;978218602
11993;2446;7;978218603
13552;2446;9;978218604
15081;2446;7;978218605
16532;2446;10;978218606
16795;2446;6;978218607
16916;2446;10;978218608
17634;2446;6;978218609
17894;2446;9;978218610
20120;2446;10;978218611
21076;2446;8;978218612
21659;2446;10;978218613
22074;2446;8;978218614
22813;2446;10;978218615
25395;2446;10;978218616
27538;2446;8;978218617
28634;2446;10;978218618
6226;2447;6;978218619
8737;2447;6;978218620
12784;2447;10;978218621
14051;2447;9;978218622
16417;2447;7;978218623
17950;2447;8;978218624
29028;2447;5;978218625
2024;2448;8;978218626
2024;2449;9;978218627
2024;2450;9;978218628
2024;2451;9;978218629
2024;2452;7;978218630
2024;2453;9;978218631
2024;2454;9;978218632
2024;2455;8;978218633
2024;2456;8;978218634
2024;2457;9;978218635
2024;2458;8;978218636
2024;2459;8;978218637
2024;2460;9;978218638
2024;2461;8;978218639
2024;2462;5;978218640
2024;2463;5;978218641
2024;2464;5;978218642
2024;2465;8;978218643
2024;2466;9;978218644
2024;2467;9;978218645
2024;2468;5;978218646
2024;2469;5;978218647
2024;2470;8;978218648
2024;2471;8;978218649
2030;2472;10;978218650
2030;2473;10;978218651
2030;2475;10;978218652
2030;2476;10;978218653
2030;2477;10;978218654
21903;2477;9;978218655
2030;2478;10;978218656
29885;2478;10;978218657
2030;2479;10;978218658
2030;2480;10;978218659
2030;2481;10;978218660
2030;2482;10;978218661
2030;2483;10;978218662
5582;2483;9;978218663
14808;2483;6;978218664
2030;2484;10;978218665
5582;2484;8;978218666
13646;2484;8;978218667
16994;2484;8;978218668
18384;2484;7;978218669
28731;2484;8;978218670
2030;2485;10;978218671
21952;2485;9;978218672
2030;2486;10;978218673
2030;2487;10;978218674
2030;2488;10;978218675
2030;2489;10;978218676
4785;2489;7;978218677
6575;2489;6;978218678
8454;2489;8;978218679
11676;2489;3;978218680
13552;2489;9;978218681
15418;2489;8;978218682
15602;2489;10;978218683
15765;2489;3;978218684
16121;2489;5;978218685
20180;2489;8;978218686
20183;2489;8;978218687
22252;2489;7;978218688
23902;2489;10;978218689
26487;2489;8;978218690
27265;2489;7;978218691
2030;2490;10;978218692
2030;2491;10;978218693
2030;2492;5;978218694
2030;2493;10;978218695
2030;2494;10;978218696
2030;2495;10;978218697
2030;2496;10;978218698
2030;2497;10;978218699
2030;2498;10;978218700
2030;2499;10;978218701
2030;2500;10;978218702
2030;2501;10;978218703
2030;2504;10;978218704
11676;2504;6;978218705
2030;2505;10;978218706
2030;2506;10;978218707
2030;2507;10;978218708
7841;2507;9;978218709
2030;2509;10;978218710
2030;2510;10;978218711
2030;2511;10;978218712
16842;2511;4;978218713
18722;2511;10;978218714
2033;2512;7;978218715
2033;2513;10;978218716
2033;2514;7;978218717
2033;2516;10;978218718
16795;2518;5;978218719
17950;2518;5;978218720
21540;2518;8;978218721
28523;2518;8;978218722
2033;2519;8;978218723
2033;2520;8;978218724
6251;2520;7;978218725
17950;2520;9;978218726
20755;2520;10;978218727
2033;2521;10;978218728
15049;2521;7;978218729
23872;2521;8;978218730
2033;2523;9;978218731
2033;2524;7;978218732
6345;2524;9;978218733
2033;2525;8;978218734
2033;2526;8;978218735
7346;2526;8;978218736
9856;2526;4;978218737
26621;2526;8;978218738
2033;2527;5;978218739
2399;2527;9;978218740
3167;2527;5;978218741
3827;2527;7;978218742
10112;2527;7;978218743
11169;2527;9;978218744
11676;2527;6;978218745
12194;2527;10;978218746
16599;2527;8;978218747
17003;2527;7;978218748
17357;2527;9;978218749
20172;2527;8;978218750
21895;2527;6;978218751
22912;2527;6;978218752
23872;2527;9;978218753
26240;2527;7;978218754
27168;2527;7;978218755
29259;2527;10;978218756
3827;2528;8;978218757
8660;2528;2;978218758
12926;2528;10;978218759
15602;2528;9;978218760
16599;2528;5;978218761
28687;2528;9;978218762
882;2529;9;978218763
7346;2529;10;978218764
8019;2529;10;978218765
25980;2529;10;978218766
3373;2530;7;978218767
7056;2530;5;978218768
7346;2530;8;978218769
11676;2530;7;978218770
20768;2530;9;978218771
24525;2530;7;978218772
27192;2530;6;978218773
2033;2532;7;978218774
10560;2533;9;978218775
2033;2534;10;978218776
2033;2535;10;978218777
2033;2536;10;978218778
3827;2536;10;978218779
10560;2536;8;978218780
13080;2536;9;978218781
3113;2537;6;978218782
4017;2537;9;978218783
5296;2537;6;978218784
5768;2537;8;978218785
8870;2537;5;978218786
10314;2537;6;978218787
11676;2537;7;978218788
12154;2537;6;978218789
13995;2537;9;978218790
14387;2537;8;978218791
16246;2537;9;978218792
17602;2537;6;978218793
18012;2537;8;978218794
18096;2537;10;978218795
29855;2537;6;978218796
2035;2543;8;978218797
2036;2544;8;978218798
2036;2545;9;978218799
3145;2545;5;978218800
4225;2545;5;978218801
6102;2545;4;978218802
6242;2545;6;978218803
7621;2545;7;978218804
10314;2545;7;978218805
11676;2545;7;978218806
13506;2545;3;978218807
16795;2545;9;978218808
19707;2545;5;978218809
23902;2545;8;978218810
2038;2546;8;978218811
2041;2547;1;978218812
8935;2547;10;978218813
2041;2548;5;978218814
4017;2548;10;978218815
19531;2548;7;978218816
2041;2549;3;978218817
2041;2550;6;978218818
2041;2551;5;978218819
2041;2552;8;978218820
2041;2553;7;978218821
11676;2553;8;978218822
25545;2553;4;978218823
27890;2553;5;978218824
2041;2554;7;978218825
929;2555;8;978218826
2041;2555;8;978218827
7210;2555;9;978218828
7346;2555;8;978218829
22365;2555;9;978218830
25533;2555;10;978218831
27472;2555;10;978218832
11676;2556;6;978218833
2041;2557;8;978218834
2043;2559;10;978218835
2045;2561;6;978218836
11676;2561;6;978218837
11676;2564;9;978218838
2046;2569;10;978218839
26535;2576;5;978218840
2046;2577;6;978218841
25916;2579;10;978218842
27169;2580;8;978218843
2060;2581;9;978218844
2690;2581;4;978218845
11676;2581;10;978218846
12982;2581;10;978218847
13552;2581;7;978218848
2063;2582;8;978218849
2066;2583;4;978218850
2070;2584;9;978218851
2074;2585;8;978218852
14958;2586;8;978218853
22273;2586;7;978218854
2075;2588;10;978218855
5225;2588;10;978218856
11676;2588;10;978218857
2082;2590;8;978218858
2084;2591;8;978218859
2084;2592;8;978218860
2084;2593;8;978218861
2084;2594;6;978218862
2084;2595;7;978218863
11676;2595;6;978218864
2084;2596;9;978218865
3293;2596;8;978218866
11676;2596;8;978218867
2084;2597;7;978218868
2084;2598;7;978218869
2084;2599;6;978218870
2084;2600;6;978218871
2084;2601;8;978218872
2089;2603;10;978218873
2127;2603;8;978218874
3460;2603;6;978218875
6347;2603;7;978218876
6772;2603;5;978218877
6991;2603;9;978218878
7158;2603;10;978218879
11676;2603;6;978218880
13048;2603;8;978218881
13121;2603;7;978218882
13709;2603;10;978218883
16461;2603;8;978218884
16718;2603;9;978218885
16795;2603;10;978218886
17950;2603;6;978218887
18082;2603;9;978218888
18433;2603;9;978218889
18913;2603;8;978218890
19664;2603;4;978218891
26374;2603;5;978218892
27462;2603;8;978218893
27472;2603;7;978218894
28486;2603;9;978218895
16795;2604;5;978218896
2090;2605;8;978218897
11676;2605;9;978218898
16795;2605;8;978218899
2090;2609;10;978218900
2090;2610;6;978218901
2090;2611;5;978218902
8019;2613;8;978218903
2276;2617;8;978218904
4965;2617;7;978218905
11676;2617;7;978218906
20060;2617;9;978218907
21045;2617;7;978218908
17569;2618;7;978218909
3145;2620;10;978218910
25981;2620;5;978218911
1424;2623;8;978218912
2090;2623;5;978218913
8253;2623;10;978218914
11676;2623;8;978218915
2097;2624;9;978218916
6682;2624;10;978218917
14456;2624;8;978218918
2103;2625;6;978218919
2103;2626;7;978218920
2103;2627;10;978218921
2103;2628;10;978218922
6242;2629;5;978218923
2103;2630;9;978218924
2103;2631;10;978218925
2103;2632;7;978218926
2103;2633;10;978218927
2103;2634;10;978218928
2103;2635;10;978218929
6397;2635;9;978218930
2103;2636;10;978218931
4914;2636;10;978218932
2103;2637;8;978218933
8188;2638;6;978218934
13387;2638;8;978218935
13664;2638;8;978218936
27740;2638;9;978218937
2104;2639;8;978218938
2105;2640;7;978218939
3640;2640;5;978218940
10030;2640;10;978218941
11245;2640;9;978218942
11676;2640;6;978218943
13273;2640;8;978218944
21014;2640;6;978218945
22045;2640;8;978218946
24590;2640;5;978218947
2106;2641;6;978218948
2106;2642;6;978218949
8681;2642;10;978218950
13080;2642;9;978218951
2106;2643;5;978218952
7346;2644;8;978218953
13273;2644;9;978218954
27875;2644;8;978218955
29209;2644;10;978218956
2106;2645;8;978218957
11070;2645;6;978218958
16795;2645;7;978218959
25850;2645;9;978218960
2109;2646;4;978218961
11676;2646;9;978218962
21423;2646;9;978218963
2110;2647;10;978218964
2110;2648;10;978218965
2399;2648;7;978218966
16371;2648;7;978218967
22780;2648;8;978218968
2110;2649;10;978218969
2110;2650;10;978218970
22200;2650;6;978218971
2110;2652;10;978218972
24362;2652;7;978218973
2110;2653;10;978218974
25827;2653;7;978218975
2110;2654;10;978218976
2110;2655;8;978218977
2110;2656;10;978218978
2110;2657;10;978218979
2110;2658;10;978218980
2110;2661;10;978218981
2110;2662;8;978218982
2110;2663;9;978218983
2110;2664;10;978218984
2110;2665;10;978218985
28594;2665;5;978218986
2110;2666;10;978218987
10819;2666;8;978218988
11676;2666;1;978218989
2110;2667;8;978218990
25359;2668;7;978218991
2110;2669;8;978218992
10819;2669;10;978218993
2110;2670;8;978218994
2110;2671;8;978218995
2110;2672;8;978218996
2110;2673;10;978218997
7286;2673;3;978218998
9856;2673;6;978218999
27313;2673;10;978219000
2110;2674;5;978219001
2136;2674;8;978219002
11676;2674;8;978219003
11724;2674;8;978219004
23364;2674;5;978219005
2110;2675;8;978219006
2110;2676;7;978219007
2110;2677;10;978219008
2110;2678;8;978219009
2110;2679;10;978219010
15962;2679;9;978219011
2110;2680;8;978219012
2110;2681;10;978219013
2110;2683;10;978219014
28594;2683;8;978219015
2110;2684;10;978219016
2110;2685;10;978219017
11676;2685;7;978219018
27888;2686;7;978219019
2110;2687;8;978219020
2110;2688;8;978219021
2110;2689;8;978219022
7346;2690;9;978219023
10819;2690;8;978219024
11676;2691;6;978219025
2115;2692;7;978219026
11676;2692;9;978219027
2119;2693;5;978219028
13551;2693;5;978219029
16795;2693;9;978219030
2130;2694;8;978219031
5582;2695;8;978219032
11676;2695;8;978219033
2132;2696;8;978219034
11676;2698;10;978219035
25981;2703;5;978219036
2132;2706;9;978219037
2132;2709;8;978219038
2132;2712;8;978219039
2132;2715;8;978219040
2437;2718;9;978219041
20126;2718;8;978219042
2132;2721;9;978219043
6865;2722;10;978219044
11676;2722;8;978219045
26535;2722;9;978219046
2132;2727;1;978219047
4994;2727;7;978219048
26544;2730;9;978219049
11676;2733;9;978219050
2132;2734;8;978219051
13552;2735;9;978219052
21116;2737;7;978219053
15834;2742;8;978219054
1424;2743;10;978219055
10336;2743;8;978219056
11676;2743;7;978219057
21496;2743;8;978219058
2134;2744;10;978219059
22252;2744;10;978219060
2134;2745;8;978219061
2134;2746;10;978219062
2134;2747;10;978219063
2134;2748;7;978219064
2134;2749;6;978219065
2134;2750;9;978219066
2134;2751;7;978219067
2135;2753;8;978219068
2135;2754;6;978219069
2136;2757;8;978219070
2136;2759;8;978219071
6466;2761;7;978219072
11676;2761;4;978219073
11724;2761;8;978219074
8268;2763;10;978219075
2138;2764;8;978219076
2139;2765;7;978219077
3350;2765;8;978219078
6563;2765;7;978219079
8067;2765;9;978219080
11676;2765;8;978219081
16231;2765;8;978219082
21484;2765;7;978219083
2139;2766;8;978219084
11676;2766;8;978219085
25131;2766;9;978219086
2139;2767;10;978219087
7569;2767;8;978219088
16721;2767;5;978219089
18979;2767;5;978219090
26516;2767;9;978219091
28865;2767;8;978219092
10447;2768;8;978219093
2139;2769;8;978219094
9226;2769;9;978219095
11676;2769;10;978219096
11718;2769;9;978219097
14339;2769;10;978219098
17003;2769;9;978219099
19503;2769;10;978219100
21014;2769;10;978219101
23953;2769;10;978219102
882;2770;6;978219103
2139;2770;10;978219104
2793;2770;7;978219105
5665;2770;10;978219106
9846;2770;10;978219107
11362;2770;9;978219108
11676;2770;9;978219109
16123;2770;7;978219110
21570;2770;7;978219111
28865;2770;5;978219112
2141;2771;6;978219113
2147;2772;8;978219114
6323;2773;8;978219115
2155;2774;6;978219116
2163;2779;7;978219117
2169;2780;7;978219118
3305;2780;10;978219119
10447;2780;4;978219120
11676;2780;7;978219121
12641;2780;7;978219122
17857;2780;10;978219123
21404;2780;7;978219124
26057;2780;8;978219125
2170;2781;7;978219126
11676;2781;8;978219127
2172;2783;5;978219128
13551;2783;8;978219129
19664;2783;8;978219130
2178;2784;5;978219131
8454;2784;10;978219132
11676;2784;9;978219133
15854;2784;8;978219134
17003;2784;10;978219135
1733;2785;9;978219136
3840;2785;9;978219137
6169;2785;7;978219138
11676;2785;10;978219139
19362;2785;10;978219140
26143;2785;6;978219141
28451;2785;8;978219142
254;2786;9;978219143
2179;2786;9;978219144
6168;2786;10;978219145
8681;2786;8;978219146
11676;2786;10;978219147
11944;2786;10;978219148
14422;2786;8;978219149
14456;2786;8;978219150
23872;2786;9;978219151
16966;2787;6;978219152
19875;2787;7;978219153
20352;2787;7;978219154
2179;2788;9;978219155
2179;2790;9;978219156
2179;2791;8;978219157
16231;2792;6;978219158
24188;2792;10;978219159
2179;2793;10;978219160
28820;2794;8;978219161
2179;2796;9;978219162
7980;2801;10;978219163
2179;2802;10;978219164
27214;2802;7;978219165
2179;2803;9;978219166
4157;2803;8;978219167
4334;2803;6;978219168
4795;2803;8;978219169
5048;2803;10;978219170
6251;2803;10;978219171
9579;2803;10;978219172
16634;2803;8;978219173
17003;2803;10;978219174
19145;2803;8;978219175
20032;2803;2;978219176
23571;2803;10;978219177
24186;2803;9;978219178
25131;2803;9;978219179
26883;2803;7;978219180
29570;2803;8;978219181
11676;2804;10;978219182
2179;2805;9;978219183
11676;2805;8;978219184
2179;2807;8;978219185
254;2810;9;978219186
2033;2810;9;978219187
2179;2810;10;978219188
4809;2810;8;978219189
6431;2810;10;978219190
7346;2810;10;978219191
8253;2810;8;978219192
8681;2810;8;978219193
11676;2810;8;978219194
20501;2810;7;978219195
22252;2810;10;978219196
26057;2810;10;978219197
28523;2810;10;978219198
29526;2810;10;978219199
2179;2812;10;978219200
2179;2813;10;978219201
13877;2813;9;978219202
16418;2813;5;978219203
2179;2815;8;978219204
2179;2816;8;978219205
9226;2816;8;978219206
11676;2816;8;978219207
21356;2816;7;978219208
27740;2816;8;978219209
28979;2816;5;978219210
2179;2817;9;978219211
4795;2817;8;978219212
6251;2817;10;978219213
9555;2817;8;978219214
11676;2817;7;978219215
16009;2817;6;978219216
17003;2817;10;978219217
19145;2817;8;978219218
19711;2817;7;978219219
19969;2817;7;978219220
25131;2817;9;978219221
2179;2821;9;978219222
3827;2821;7;978219223
16966;2821;10;978219224
2181;2825;8;978219225
11676;2825;8;978219226
2189;2827;4;978219227
2189;2828;8;978219228
5424;2828;10;978219229
13273;2828;9;978219230
2189;2830;7;978219231
11676;2830;8;978219232
10241;2831;7;978219233
16795;2831;9;978219234
19503;2831;8;978219235
20794;2831;6;978219236
28177;2831;7;978219237
2189;2832;6;978219238
27472;2832;6;978219239
2189;2833;7;978219240
2190;2834;7;978219241
9177;2834;8;978219242
2197;2839;8;978219243
2197;2840;10;978219244
11676;2840;5;978219245
21270;2840;8;978219246
11676;2841;9;978219247
2197;2843;7;978219248
2197;2844;8;978219249
2197;2845;9;978219250
11676;2845;8;978219251
19664;2845;8;978219252
2197;2846;8;978219253
29028;2846;5;978219254
2197;2848;7;978219255
2891;2848;7;978219256
2197;2849;8;978219257
6242;2849;5;978219258
11676;2849;3;978219259
12137;2849;8;978219260
2197;2850;9;978219261
3373;2850;8;978219262
4785;2850;9;978219263
5932;2850;5;978219264
6242;2850;5;978219265
8853;2850;10;978219266
9226;2850;8;978219267
11676;2850;9;978219268
11993;2850;6;978219269
12569;2850;9;978219270
12687;2850;7;978219271
13917;2850;4;978219272
15602;2850;7;978219273
15845;2850;7;978219274
15957;2850;3;978219275
16795;2850;9;978219276
17159;2850;8;978219277
21011;2850;8;978219278
21039;2850;8;978219279
21364;2850;6;978219280
22167;2850;7;978219281
23128;2850;7;978219282
23341;2850;6;978219283
24180;2850;8;978219284
24591;2850;8;978219285
25216;2850;7;978219286
27283;2850;6;978219287
28177;2850;8;978219288
2203;2851;7;978219289
8681;2851;8;978219290
2218;2852;8;978219291
10390;2852;5;978219292
13552;2852;9;978219293
20086;2852;8;978219294
2219;2853;8;978219295
2222;2854;8;978219296
2222;2855;9;978219297
6575;2855;8;978219298
7346;2855;6;978219299
2223;2856;5;978219300
11676;2856;10;978219301
2224;2857;7;978219302
2226;2858;9;978219303
2230;2859;2;978219304
6543;2859;7;978219305
18155;2859;9;978219306
2238;2861;10;978219307
2238;2862;10;978219308
11676;2862;10;978219309
12100;2862;7;978219310
2240;2863;8;978219311
2250;2865;8;978219312
2271;2865;10;978219313
8245;2865;8;978219314
10630;2865;9;978219315
11325;2865;10;978219316
11676;2865;7;978219317
11687;2865;10;978219318
13231;2865;8;978219319
16795;2865;7;978219320
17950;2865;8;978219321
19107;2865;10;978219322
23772;2865;10;978219323
25253;2865;10;978219324
2253;2867;8;978219325
7500;2867;7;978219326
11245;2867;7;978219327
11676;2867;6;978219328
19714;2867;5;978219329
20060;2867;10;978219330
25140;2867;9;978219331
26593;2867;10;978219332
29497;2867;10;978219333
2255;2868;8;978219334
7158;2868;8;978219335
8937;2868;10;978219336
11676;2868;9;978219337
16795;2868;10;978219338
22379;2868;8;978219339
2255;2869;8;978219340
4017;2869;5;978219341
11718;2869;7;978219342
17003;2869;7;978219343
19565;2869;8;978219344
21404;2869;5;978219345
10924;2881;5;978219346
28634;2881;9;978219347
2276;2882;10;978219348
11676;2882;8;978219349
5604;2883;10;978219350
9571;2883;10;978219351
12835;2883;7;978219352
2276;2884;8;978219353
11788;2884;8;978219354
10063;2885;8;978219355
11245;2885;9;978219356
11668;2885;8;978219357
13552;2885;8;978219358
13666;2885;7;978219359
21660;2885;8;978219360
23680;2885;10;978219361
28634;2885;10;978219362
3827;2886;8;978219363
11676;2886;6;978219364
13432;2886;10;978219365
16599;2886;6;978219366
23872;2886;8;978219367
26553;2886;5;978219368
11676;2890;10;978219369
3362;2891;6;978219370
22563;2906;9;978219371
11676;2907;8;978219372
13552;2907;8;978219373
13644;2907;8;978219374
28634;2907;9;978219375
2281;2908;3;978219376
2281;2909;7;978219377
5783;2909;7;978219378
6532;2909;7;978219379
12489;2909;6;978219380
27472;2909;7;978219381
5333;2911;7;978219382
6115;2911;10;978219383
6824;2911;9;978219384
8016;2911;8;978219385
8234;2911;10;978219386
8936;2911;9;978219387
11676;2911;10;978219388
13518;2911;6;978219389
13552;2911;7;978219390
17645;2911;8;978219391
23768;2911;8;978219392
26975;2911;8;978219393
29259;2911;10;978219394
11676;2912;9;978219395
13552;2912;9;978219396
13582;2912;9;978219397
13664;2912;7;978219398
24186;2912;9;978219399
26268;2912;6;978219400
6102;2913;9;978219401
8454;2913;8;978219402
8937;2913;7;978219403
20172;2913;9;978219404
20350;2913;8;978219405
23181;2913;8;978219406
27812;2913;9;978219407
28076;2913;5;978219408
2287;2914;7;978219409
22637;2914;8;978219410
11676;2915;10;978219411
2287;2916;6;978219412
6242;2916;7;978219413
20794;2916;7;978219414
2287;2917;6;978219415
2977;2917;8;978219416
6073;2917;9;978219417
2287;2918;6;978219418
2287;2919;7;978219419
2640;2919;8;978219420
7346;2919;8;978219421
8936;2919;9;978219422
10949;2919;8;978219423
11676;2919;5;978219424
16517;2919;6;978219425
19362;2919;5;978219426
20680;2919;7;978219427
21014;2919;8;978219428
26192;2919;10;978219429
28634;2919;10;978219430
29259;2919;10;978219431
29306;2919;8;978219432
29855;2919;10;978219433
2287;2920;7;978219434
8872;2920;9;978219435
11676;2920;6;978219436
2287;2922;6;978219437
9834;2924;9;978219438
2288;2929;8;978219439
12982;2934;8;978219440
13552;2934;8;978219441
23872;2934;9;978219442
11676;2937;9;978219443
13080;2938;10;978219444
2288;2939;9;978219445
7125;2939;8;978219446
9417;2939;7;978219447
11676;2939;7;978219448
13666;2939;8;978219449
2288;2940;10;978219450
9227;2940;8;978219451
10207;2940;5;978219452
11676;2940;2;978219453
11676;2941;9;978219454
3719;2942;8;978219455
11676;2942;6;978219456
16795;2942;8;978219457
19711;2942;8;978219458
24685;2942;8;978219459
27472;2942;8;978219460
27617;2942;6;978219461
16877;2943;7;978219462
18112;2943;8;978219463
3893;2944;9;978219464
2288;2945;3;978219465
2288;2946;4;978219466
2288;2947;5;978219467
14744;2947;8;978219468
28634;2947;8;978219469
3079;2949;8;978219470
11676;2949;9;978219471
12307;2949;8;978219472
13766;2949;9;978219473
15602;2949;10;978219474
16795;2949;8;978219475
17003;2949;10;978219476
19493;2949;7;978219477
20462;2949;7;978219478
21014;2949;8;978219479
26084;2949;10;978219480
2288;2951;10;978219481
5027;2951;10;978219482
6007;2951;5;978219483
11676;2951;8;978219484
29974;2951;9;978219485
2288;2952;6;978219486
2288;2953;6;978219487
2288;2955;7;978219488
5027;2956;10;978219489
10532;2956;10;978219490
2288;2957;10;978219491
5027;2957;5;978219492
2292;2958;8;978219493
11676;2958;10;978219494
2295;2959;8;978219495
8245;2959;8;978219496
4017;2961;9;978219497
16730;2961;8;978219498
2296;2962;8;978219499
11676;2962;9;978219500
2296;2963;7;978219501
28492;2964;8;978219502
2305;2965;7;978219503
2311;2966;10;978219504
2313;2967;5;978219505
8680;2967;5;978219506
10314;2967;9;978219507
2313;2968;10;978219508
15654;2968;7;978219509
26206;2968;8;978219510
254;2970;9;978219511
2313;2970;5;978219512
11676;2970;9;978219513
27140;2970;10;978219514
29526;2970;10;978219515
2313;2971;5;978219516
2313;2972;6;978219517
2313;2974;6;978219518
2313;2975;7;978219519
2313;2976;8;978219520
2313;2977;8;978219521
2313;2978;6;978219522
2313;2979;5;978219523
2891;2979;7;978219524
11676;2979;9;978219525
24401;2979;5;978219526
29306;2979;9;978219527
2313;2980;6;978219528
2313;2981;7;978219529
11676;2982;10;978219530
2313;2983;9;978219531
2313;2984;7;978219532
2313;2985;6;978219533
2313;2986;7;978219534
2766;2986;5;978219535
16599;2986;8;978219536
2313;2987;8;978219537
2313;2988;3;978219538
10643;2988;10;978219539
23902;2988;10;978219540
29526;2988;9;978219541
5850;2989;10;978219542
6575;2989;7;978219543
7915;2989;8;978219544
11676;2989;6;978219545
16795;2989;7;978219546
16818;2989;7;978219547
20106;2989;5;978219548
22625;2989;10;978219549
26538;2989;8;978219550
16871;2991;10;978219551
21576;2991;8;978219552
2313;2993;8;978219553
23902;2993;10;978219554
2313;2994;6;978219555
2313;2995;8;978219556
2313;2996;9;978219557
2891;2996;8;978219558
4017;2996;9;978219559
11224;2996;2;978219560
19694;2996;5;978219561
21462;2996;4;978219562
25410;2996;6;978219563
27329;2996;9;978219564
2033;2997;10;978219565
2313;2997;9;978219566
2313;2998;9;978219567
16634;2998;9;978219568
3481;2999;7;978219569
14393;2999;8;978219570
14450;2999;4;978219571
2324;3002;8;978219572
2276;3003;8;978219573
2799;3003;9;978219574
2844;3003;8;978219575
8864;3004;9;978219576
20946;3004;8;978219577
24452;3004;10;978219578
2326;3005;8;978219579
2329;3006;4;978219580
28430;3007;9;978219581
2333;3010;7;978219582
21659;3010;7;978219583
2333;3011;7;978219584
2334;3012;9;978219585
2335;3013;7;978219586
2336;3014;9;978219587
5582;3014;9;978219588
2337;3015;9;978219589
2337;3016;9;978219590
5582;3016;10;978219591
29467;3016;7;978219592
2337;3017;10;978219593
2337;3018;10;978219594
2337;3019;10;978219595
2337;3020;8;978219596
16795;3020;7;978219597
17703;3020;9;978219598
2337;3021;10;978219599
7841;3021;5;978219600
27462;3021;7;978219601
2337;3022;9;978219602
2337;3023;7;978219603
8454;3023;6;978219604
11657;3023;5;978219605
11676;3023;9;978219606
22625;3023;10;978219607
28016;3023;7;978219608
2337;3024;10;978219609
7346;3024;8;978219610
8759;3024;8;978219611
23680;3024;8;978219612
2337;3025;10;978219613
2337;3026;7;978219614
6575;3026;9;978219615
7346;3026;6;978219616
11676;3026;8;978219617
13273;3026;7;978219618
25981;3026;10;978219619
2339;3027;6;978219620
2340;3028;4;978219621
25409;3028;8;978219622
2345;3029;9;978219623
6142;3029;9;978219624
8308;3029;10;978219625
8762;3029;8;978219626
11652;3029;8;978219627
11676;3029;8;978219628
22712;3029;8;978219629
26957;3029;8;978219630
27442;3029;10;978219631
2349;3031;9;978219632
2349;3032;3;978219633
4223;3033;8;978219634
11676;3033;3;978219635
11676;3034;8;978219636
2350;3036;8;978219637
26987;3036;8;978219638
2351;3037;5;978219639
16446;3038;9;978219640
2354;3040;8;978219641
2355;3041;8;978219642
4017;3041;5;978219643
6092;3041;8;978219644
6242;3041;5;978219645
6575;3041;8;978219646
8681;3041;9;978219647
10985;3041;9;978219648
2358;3042;8;978219649
11676;3042;10;978219650
11676;3043;7;978219651
19842;3043;7;978219652
22625;3043;9;978219653
11676;3044;8;978219654
14422;3044;8;978219655
23872;3044;8;978219656
2358;3045;8;978219657
11832;3045;8;978219658
6563;3047;8;978219659
8782;3047;7;978219660
11676;3047;6;978219661
16718;3047;9;978219662
16795;3047;9;978219663
17275;3047;8;978219664
19972;3047;8;978219665
23460;3047;5;978219666
26333;3047;7;978219667
11676;3051;5;978219668
16805;3051;8;978219669
25225;3051;7;978219670
25583;3051;9;978219671
26612;3051;7;978219672
11676;3058;8;978219673
9200;3059;10;978219674
16601;3059;9;978219675
21404;3059;8;978219676
27888;3059;8;978219677
2358;3061;7;978219678
10985;3063;7;978219679
2358;3069;8;978219680
2358;3074;8;978219681
11676;3075;10;978219682
638;3076;10;978219683
11676;3077;10;978219684
7346;3079;8;978219685
9856;3079;8;978219686
11676;3079;9;978219687
18351;3079;5;978219688
25436;3079;8;978219689
25533;3079;9;978219690
2358;3084;7;978219691
2363;3085;9;978219692
5899;3085;8;978219693
2363;3086;9;978219694
5899;3086;8;978219695
2363;3087;9;978219696
5899;3087;8;978219697
2363;3088;9;978219698
2363;3089;9;978219699
2363;3090;9;978219700
2363;3091;9;978219701
2363;3092;9;978219702
2363;3093;9;978219703
2363;3094;9;978219704
2363;3095;9;978219705
2363;3096;9;978219706
2363;3097;9;978219707
2363;3098;9;978219708
2363;3099;9;978219709
2363;3100;9;978219710
2363;3101;9;978219711
2363;3102;9;978219712
2363;3103;9;978219713
2363;3106;5;978219714
2363;3107;6;978219715
2368;3109;10;978219716
638;3110;7;978219717
5815;3110;5;978219718
6242;3110;5;978219719
6568;3110;9;978219720
6575;3110;9;978219721
11908;3110;6;978219722
12538;3110;8;978219723
16795;3110;9;978219724
21014;3110;7;978219725
24570;3110;7;978219726
28177;3110;7;978219727
28667;3110;2;978219728
2375;3111;7;978219729
8681;3111;7;978219730
2376;3114;6;978219731
18173;3114;7;978219732
18609;3114;8;978219733
29094;3114;8;978219734
29209;3114;7;978219735
2385;3115;8;978219736
2385;3116;7;978219737
11676;3116;4;978219738
2389;3118;9;978219739
11676;3119;7;978219740
2389;3120;6;978219741
2466;3121;9;978219742
5582;3121;10;978219743
6575;3121;9;978219744
7082;3121;5;978219745
7346;3121;8;978219746
8067;3121;10;978219747
8187;3121;8;978219748
11676;3121;7;978219749
15184;3121;7;978219750
16795;3121;8;978219751
23547;3121;8;978219752
23933;3121;5;978219753
25976;3121;9;978219754
26620;3121;7;978219755
2399;3122;9;978219756
2399;3125;8;978219757
2276;3127;10;978219758
2399;3127;9;978219759
2399;3128;4;978219760
26628;3128;10;978219761
2404;3131;10;978219762
2404;3133;7;978219763
2406;3134;2;978219764
11676;3134;8;978219765
2406;3135;8;978219766
2406;3136;3;978219767
2406;3137;5;978219768
2406;3138;4;978219769
2406;3142;5;978219770
2545;3143;4;978219771
2411;3145;6;978219772
2411;3146;5;978219773
11676;3148;10;978219774
2411;3149;5;978219775
11676;3149;7;978219776
11676;3150;9;978219777
2411;3152;5;978219778
2411;3153;6;978219779
11676;3153;5;978219780
2415;3154;8;978219781
2415;3155;9;978219782
2416;3156;7;978219783
3757;3156;8;978219784
11676;3157;4;978219785
2421;3158;8;978219786
11676;3158;7;978219787
2425;3159;7;978219788
11676;3160;8;978219789
29209;3160;7;978219790
2437;3162;9;978219791
2437;3163;7;978219792
5868;3163;9;978219793
9354;3163;10;978219794
13552;3163;7;978219795
2437;3164;9;978219796
13552;3164;7;978219797
17724;3164;8;978219798
19057;3164;8;978219799
2439;3165;8;978219800
2439;3166;7;978219801
2439;3167;8;978219802
2439;3168;7;978219803
23902;3168;8;978219804
2439;3170;7;978219805
2439;3171;8;978219806
2276;3172;9;978219807
2439;3172;10;978219808
6073;3172;10;978219809
6575;3172;4;978219810
11676;3172;5;978219811
13252;3172;8;978219812
16634;3172;10;978219813
16795;3172;6;978219814
19582;3172;5;978219815
2439;3173;9;978219816
2442;3175;8;978219817
2448;3176;6;978219818
11676;3178;8;978219819
2461;3182;7;978219820
2891;3182;7;978219821
7809;3182;9;978219822
16161;3182;9;978219823
2461;3183;9;978219824
24243;3183;10;978219825
24685;3183;10;978219826
2462;3184;8;978219827
2462;3185;8;978219828
17177;3185;8;978219829
26535;3185;5;978219830
2462;3186;9;978219831
2462;3187;8;978219832
2466;3189;9;978219833
8067;3189;10;978219834
8187;3189;8;978219835
9574;3189;7;978219836
21014;3189;6;978219837
21659;3189;10;978219838
23547;3189;8;978219839
23933;3189;7;978219840
25981;3189;10;978219841
26371;3189;8;978219842
26620;3189;7;978219843
2466;3190;10;978219844
4197;3190;8;978219845
7158;3190;8;978219846
2470;3191;9;978219847
21659;3192;10;978219848
2470;3195;5;978219849
2473;3196;10;978219850
2481;3197;9;978219851
2481;3198;8;978219852
6543;3198;6;978219853
11070;3198;8;978219854
11676;3198;7;978219855
18311;3198;5;978219856
23571;3198;10;978219857
23664;3198;6;978219858
25200;3198;5;978219859
2481;3199;8;978219860
2766;3200;8;978219861
6242;3200;6;978219862
8680;3200;6;978219863
9381;3200;6;978219864
11400;3200;10;978219865
11676;3200;3;978219866
12982;3200;9;978219867
20172;3200;10;978219868
21011;3200;10;978219869
2484;3201;7;978219870
7398;3201;7;978219871
11676;3201;10;978219872
16386;3201;5;978219873
2501;3203;10;978219874
2504;3204;4;978219875
2506;3205;7;978219876
2508;3206;9;978219877
2520;3209;10;978219878
11676;3210;7;978219879
19983;3210;8;978219880
2534;3212;5;978219881
6073;3214;9;978219882
23231;3214;5;978219883
2545;3217;5;978219884
11676;3218;9;978219885
25074;3218;9;978219886
2549;3219;6;978219887
2549;3220;7;978219888
2550;3223;10;978219889
11676;3223;8;978219890
12014;3223;8;978219891
22625;3223;10;978219892
29526;3223;10;978219893
2552;3224;5;978219894
2552;3225;7;978219895
12246;3225;3;978219896
2552;3226;7;978219897
3752;3226;5;978219898
5225;3226;8;978219899
2552;3227;7;978219900
16966;3230;7;978219901
2559;3231;3;978219902
11676;3231;10;978219903
21031;3231;7;978219904
11676;3233;7;978219905
2562;3234;8;978219906
8454;3234;6;978219907
11676;3234;9;978219908
13273;3234;10;978219909
13279;3234;9;978219910
15057;3234;7;978219911
16795;3234;10;978219912
503;3235;10;978219913
2565;3235;10;978219914
4221;3235;9;978219915
4795;3235;8;978219916
6153;3235;7;978219917
7887;3235;10;978219918
8780;3235;5;978219919
10085;3235;10;978219920
11529;3235;6;978219921
16795;3235;10;978219922
23872;3235;8;978219923
26049;3235;6;978219924
26421;3235;10;978219925
26538;3235;5;978219926
28177;3235;9;978219927
2574;3237;3;978219928
2110;3238;8;978219929
11676;3238;8;978219930
26538;3238;10;978219931
2578;3239;8;978219932
11676;3239;3;978219933
13518;3239;7;978219934
2579;3240;10;978219935
2580;3241;7;978219936
2583;3242;9;978219937
2584;3243;10;978219938
9094;3243;2;978219939
15834;3243;9;978219940
11676;3244;8;978219941
23316;3244;9;978219942
23652;3244;6;978219943
28144;3244;7;978219944
28634;3244;10;978219945
2589;3245;4;978219946
11676;3245;8;978219947
2589;3246;6;978219948
16795;3246;9;978219949
2589;3248;7;978219950
2589;3249;7;978219951
2589;3250;8;978219952
2589;3251;7;978219953
2589;3252;8;978219954
2589;3253;8;978219955
11676;3253;5;978219956
5948;3254;5;978219957
15999;3254;8;978219958
16085;3254;6;978219959
17058;3254;7;978219960
24391;3254;7;978219961
27673;3256;8;978219962
2590;3257;9;978219963
25699;3257;9;978219964
11676;3260;7;978219965
11676;3261;10;978219966
2597;3262;8;978219967
2597;3263;7;978219968
2597;3264;9;978219969
2598;3265;8;978219970
2326;3267;8;978219971
11676;3267;7;978219972
12824;3267;5;978219973
14630;3267;9;978219974
20201;3267;10;978219975
2605;3269;7;978219976
5903;3269;8;978219977
7125;3269;8;978219978
13552;3269;4;978219979
22167;3269;8;978219980
25409;3269;9;978219981
27617;3269;8;978219982
28591;3269;8;978219983
243;3270;7;978219984
1424;3270;7;978219985
6575;3270;7;978219986
8454;3270;6;978219987
8541;3270;6;978219988
11676;3270;8;978219989
12824;3270;5;978219990
16795;3270;9;978219991
21861;3270;9;978219992
26673;3270;8;978219993
2611;3271;7;978219994
7384;3271;8;978219995
20172;3271;10;978219996
25131;3271;9;978219997
26182;3271;10;978219998
12538;3272;8;978219999
16996;3272;8;978220000
26070;3272;5;978220001
11676;3273;8;978220002
2622;3276;10;978220003
2622;3277;10;978220004
2622;3278;8;978220005
2622;3279;5;978220006
2622;3280;7;978220007
2630;3282;8;978220008
6611;3284;9;978220009
9908;3284;9;978220010
11676;3284;10;978220011
15049;3284;8;978220012
15651;3284;10;978220013
16916;3284;10;978220014
2630;3286;8;978220015
27907;3286;10;978220016
11676;3290;6;978220017
24921;3290;9;978220018
2276;3291;10;978220019
4385;3291;10;978220020
5037;3291;10;978220021
7346;3291;9;978220022
7620;3291;7;978220023
11676;3291;9;978220024
12982;3291;7;978220025
13552;3291;8;978220026
18082;3291;8;978220027
18203;3291;10;978220028
20583;3291;7;978220029
22074;3291;7;978220030
23511;3291;10;978220031
25395;3291;10;978220032
26371;3291;8;978220033
28634;3291;10;978220034
2630;3292;8;978220035
24933;3292;7;978220036
2632;3293;5;978220037
2633;3294;3;978220038
2634;3295;8;978220039
11676;3295;9;978220040
2638;3296;6;978220041
2033;3297;10;978220042
2643;3297;9;978220043
2644;3298;10;978220044
2644;3299;8;978220045
4228;3299;7;978220046
11676;3299;9;978220047
13060;3300;6;978220048
22074;3300;9;978220049
2651;3301;8;978220050
2855;3301;8;978220051
7338;3301;9;978220052
11245;3301;9;978220053
11676;3301;10;978220054
17046;3301;9;978220055
24944;3301;9;978220056
2651;3302;6;978220057
7363;3302;7;978220058
2653;3303;7;978220059
2653;3304;9;978220060
2655;3305;8;978220061
2656;3306;10;978220062
11676;3307;9;978220063
2670;3309;7;978220064
8278;3309;6;978220065
9882;3309;10;978220066
11676;3309;8;978220067
14672;3309;6;978220068
16780;3309;5;978220069
19570;3309;5;978220070
2678;3310;7;978220071
2678;3312;4;978220072
2681;3313;5;978220073
13551;3313;8;978220074
2685;3315;9;978220075
2687;3316;8;978220076
2688;3318;4;978220077
2688;3319;2;978220078
2688;3320;5;978220079
12036;3322;5;978220080
27064;3322;7;978220081
2718;3324;10;978220082
2719;3325;5;978220083
25410;3325;7;978220084
2719;3327;8;978220085
2719;3328;10;978220086
7346;3328;8;978220087
2719;3329;8;978220088
3569;3330;7;978220089
5866;3330;7;978220090
6575;3330;8;978220091
6789;3330;7;978220092
8066;3330;9;978220093
11676;3330;8;978220094
13850;3330;10;978220095
14808;3330;9;978220096
16504;3330;7;978220097
20180;3330;8;978220098
20561;3330;10;978220099
21229;3330;7;978220100
